{
  "credit": "Made with Blockbench",
  "parent": "builtin/entity",
  "display": {
    "thirdperson_righthand": {
      "rotation": [
        87.25,
        -82.73999999999978,
        -177.1199999999999
      ],
      "translation": [
        0,
        -1.75,
        1.25
      ],
      "scale": [
        1,
        1.189453125,
        1.396484375
      ]
    },
    "thirdperson_lefthand": {
      "rotation": [
        87.25,
        -82.73999999999978,
        -177.1199999999999
      ],
      "translation": [
        0,
        -1.75,
        1
      ],
      "scale": [
        1,
        1.189453125,
        1.396484375
      ]
    },
    "firstperson_righthand": {
      "rotation": [
        -61.96,
        63.76,
        -25.55
      ],
      "translation": [
        4.25,
        0,
        0
      ],
      "scale": [
        1,
        1.732421875,
        1.71875
      ]
    },
    "firstperson_lefthand": {
      "rotation": [
        96.23,
        -61.54,
        167.45
      ],
      "translation": [
        4.5,
        0.5,
        0
      ],
      "scale": [
        1.705078125,
        1.048828125,
        1.724609375
      ]
    },
    "ground": {
      "translation": [
        0,
        -10,
        0
      ],
      "scale": [
        2.53125,
        2.52734375,
        2.517578125
      ]
    },
    "gui": {
      "rotation": [
        76.1,
        -49.45,
        79.35
      ],
      "translation": [
        2,
        -2.25,
        0
      ],
      "scale": [
        3,
        3,
        2.97
      ]
    },
    "fixed": {
      "rotation": [
        -180,
        87.5,
        -180
      ],
      "translation": [
        0,
        -3,
        0
      ],
      "scale": [
        4,
        4,
        4
      ]
    },
    "on_shelf": {
      "rotation": [
        0,
        89.75,
        0
      ],
      "scale": [
        3,
        3,
        3
      ]
    }
  },
  "textures": {
    "particle": "xeb:item/brassknuckle"
  }
}