{
  "credit": "Made with Blockbench",
  "parent": "builtin/entity",
  "texture_size": [
    128,
    128
  ],
  "display": {
    "gui": {
      "rotation": [
        138.12,
        40.77,
        -105.04
      ],
      "translation": [
        -1,
        3.25,
        0
      ]
    },
    "fixed": {
      "rotation": [
        48.36000000000013,
        60.19999999999982,
        -80.92000000000007
      ],
      "translation": [
        -2.75,
        3.75,
        -7.25
      ]
    },
    "on_shelf": {
      "rotation": [
        92.26,
        48.7,
        -91.71
      ],
      "translation": [
        -0.5,
        1.75,
        0
      ]
    }
  },
  "textures": {
    "particle": "xeb:item/doomfist"
  }
}