{
  "credit": "Made with Blockbench",
  "parent": "builtin/entity",
  "display": {
    "ground": {
      "rotation": [
        26.85,
        0.79,
        3.46
      ],
      "scale": [
        1.673828125,
        1.451171875,
        1.474609375
      ]
    },
    "gui": {
      "translation": [
        0.5,
        -3.5,
        0
      ],
      "scale": [
        3.314453125,
        3.1015625,
        1
      ]
    },
    "head": {
      "rotation": [
        -180,
        -0.75,
        -180
      ],
      "translation": [
        0,
        8,
        0
      ],
      "scale": [
        1.345703125,
        1.3828125,
        1.3984375
      ]
    },
    "fixed": {
      "rotation": [
        180,
        1,
        180
      ],
      "translation": [
        0,
        -3.5,
        0.5
      ],
      "scale": [
        4,
        4,
        3.42
      ]
    },
    "on_shelf": {
      "translation": [
        1.5,
        -2.25,
        0
      ],
      "scale": [
        3.56640625,
        3.85546875,
        1
      ]
    }
  },
  "textures": {
    "particle": "xeb:item/mobenergy"
  }
}